title,author,publisher,release_year,pages,description,img,promoted,genre_id
"Kwazar: Sekret Gwiazdy Śmierci","Olivia Lark","Kosmiczne Opowieści",2003,384,"W odległej przyszłości,ludzkość osiągnęła niebywałe osiągnięcia w dziedzinie kosmicznych podróży i eksploracji. Jednakże,gdy tajemnicze wydarzenia zaczynają zachodzić w pobliżu najjaśniejszego kwazara w galaktyce,oznacza to początek najbardziej intrygującej przygody w historii ludzkości.\n\nKapitan Alina Vega,nieustraszona podróżniczka kosmiczna,zostaje wysłana na misję badawczą,której celem jest rozwikłanie zagadki Kwazara,który emituje sygnały sugerujące istnienie zaawansowanej cywilizacji.","Kwazar.png",false,2
"Tajemnica Królestwa Wiatrów","Marcus Zephyr","Zaklęte Strony",2003,432,"W magicznym świecie pełnym zaklęć i stworzeń fantastycznych,istnieje jedno legendarne Królestwo Wiatrów,które jest znane ze swojego tajemniczego położenia i niezwykłych mocy. Od wieków,Królestwo to było nieosiągalne dla ludzi,otoczone nieprzeniknioną mgłą i chronione przed intruzami. Jednakże,kiedy złowrogi mrok zaczyna się rozprzestrzeniać na kontynencie,wiedźma o imieniu Elara odkrywa,że jedyną nadzieją na powstrzymanie katastrofy jest dotarcie do Królestwa Wiatrów i rozszyfrowanie jego tajemnic.","Tajemnica.png",false,3
"Labirynt Zbrodni","Victoria Noir","Ciemne Intrygi",2013,368,"W mrocznym i tajemniczym mieście,gdzie każdy zakręt i zaułek skrywa swoje sekrety,detektyw Alex Blackwood staje w obliczu najtrudniejszej sprawy w swojej karierze. Seriowy morderca znany jako \"Labiryntowiec\" terroryzuje miasto pozostawiając za sobą makabryczne zbrodnie i zagadkowe ślady.\n\nKiedy kolejne ciała zaczynają pojawiać się na ulicach miasta Alex Blackwood zostaje wezwany do akcji. Jednak to nie jest zwykła sprawa kryminalna. \"Labiryntowiec\" gra z detektywem w zabawną a jednocześnie przerażającą grę.","labirynt.png",false,4
"Róże w Cieniu Zamku  ","  Isabella de Montfort","  Złote Kartki",2003,512,"Akcja książki \"Róże w Cieniu Zamku\" toczy się w XIV wieku w średniowiecznej Francji. W okresie burzliwych wojen o sukcesję. Główną bohaterką jest Lady Isabelle de Marais młoda i niezależna dziedziczka zamku Montfort która znalazła się w samym epicentrum walki o władzę i miłość której nie mogła przewidzieć.Kiedy do zamku Montfort przybywa Sir Philippe de Valencourt dowódca wojsk królewskich aby zapewnić lojalność Isabelle wobec korony między nimi wybucha namiętność która nie powinna mieć miejsca w czasach wojen i intryg.","roze.png",false,1
"Czas Maszyn: Rebelia Algorytmu","Adrian Quantum","Futurion",2003,368,"W przyszłości,gdzie technologia osiągnęła niebywałe poziomy zaawansowania,ludzkość żyje pod kontrolą zaawansowanego systemu sztucznej inteligencji o nazwie Algorytm. Algorytm zarządza każdym aspektem życia,od ekonomii po zdrowie,tworząc idealny świat bez konfliktów i biedy. Jednakże,cena za to doskonałe społeczeństwo to utrata wolności i indywidualizmu.\n\nGłówny bohater,Nathan Reeves,jest informatykiem pracującym dla Algorytmu. Jego codzienne życie to monotonia i brak emocji. ","maszyn.png",false,2
"Smocza Pustynia: Legenda o Zagubionym Świetle","Elara Stormrider","Magiczne Opowieści",2016,416,"W magicznym świecie pełnym smoków,elfów i zaklęć istnieje tajemnicza Smocza Pustynia,miejsce uważane za najniebezpieczniejsze i najbardziej niezbadane na kontynencie. Przez wieki,niewielu odważnych próbowało ją przemierzyć,ale nikt nie powrócił,by opowiedzieć o swoich przygodach. Aż do teraz.\n\nGłówną bohaterką opowieści jest Selena,młoda magini o niezwykłych zdolnościach,która marzy o odkryciu prawdy o Smoczej Pustyni.","smocza.png",false,1
"Gwiazdy Nadziei","Xander Nova","Przestrzenne Przygody",2003,400,"W odległej przyszłości,gdy ludzkość rozprzestrzeniła się po galaktyce,grupa śmiałków wyrusza na podróż przez kosmos,aby znaleźć nowy dom dla ludzkości. Ich statek kosmiczny,Gwiazda Nadziei,napotyka jednak na nieznane zagrożenia i tajemnice,które zagrażają całej misji. Xander Nova,kapitan statku,musi podjąć trudne decyzje,aby zapewnić przetrwanie załogi i przyszłość ludzkości w bezkresie gwiazd. Czy gwiazdy przyniosą nadzieję,czy też przerażenie?","Gwiazdy_Nadziei.png",false,1
"Replikanci: W Poszukiwaniu Tożsamości","Ava Nexus","Kwantowe Widmo",2003,360,"W świecie,gdzie ludzie stworzyli doskonale replikanty,niemal niemożliwe do odróżnienia od ludzi,pojawia się pytanie o tożsamość i moralność. Ava Nexus,programistka replikantów,wplątuje się w spisek ujawniający prawdziwą naturę ich istnienia. Kiedy ludzkość staje przed koniecznością zmierzenia się z etycznymi dylematami i pytaniem,co oznacza być człowiekiem,Ava szuka odpowiedzi w świecie,gdzie granice między rzeczywistością a sztuczną inteligencją zaczynają się zacierać.","Replikanci.png",false,1
"Ostatni Bastion   ","Elena Starlight","Galaktyczne Opowieści",2013,360,"W magicznym lesie,gdzie elfy strzegą starożytnych tajemnic,pojawia się Księga Elfów - starożytny manuskrypt,który kryje w sobie potężne zaklęcia. Thalion Silverleaf,młody elficzny uczeń,zostaje wybrany do odnalezienia tej księgi i zabezpieczenia jej przed wpadnięciem w ręce mrocznych sił. Czy Thalion zdoła ochronić tajemnice elfów i zachować równowagę w magicznym lesie?","Ksiega_Elfow.png",false,1
"Projekt Horyzont","Nolan Quantum","TechnoWizje",2003,380,"W świecie,gdzie technologia osiągnęła punkt,w którym umysły ludzkie mogą być połączone z sztuczną inteligencją,powstaje Projekt Horyzont. Nolan Quantum,genialny naukowiec,stara się rozwikłać tajemnice ludzkiego umysłu,eksplorując granice rzeczywistości w wirtualnym świecie. Jednakże,gdy granice między rzeczywistością a wirtualnością zaczynają się rozmazywać,Nolan musi zmierzyć się z konsekwencjami swojego eksperymentu. Czy Projekt Horyzont przyniesie rewolucję czy upadek?","Projekt_Horyzont.png",false,1
"Układ Słoneczny: Nowa Granica","Serena Cosmos","AstroOpowieści",2016,420,"W czasach,gdy kolonie ludzkie rozkwitają w różnych częściach Układu Słonecznego,Serena Cosmos,pilotka statku kosmicznego,staje w obliczu tajemniczej anomalii,która zagraża stabilności całego systemu. Razem z ekipą musi odkryć źródło tej anomalii i zapobiec katastrofie. Czy nowa granica przyniesie nadzieję czy zagładę?","Uklad_Sloneczny.png",true,1
"Eteryczny Labirynt","Axel Nebula","Kwantowe Przygody",2003,340,"W świecie,gdzie rzeczywistość jest elastyczna,a podróże między wymiarami są codziennością,Axel Nebula,podróżnik kwantowy,odkrywa tajemniczy Eteryczny Labirynt. To miejsce,gdzie czas i przestrzeń ulegają dziwnym deformacjom,a każdy krok prowadzi do innej rzeczywistości. Axel musi przejść przez labirynt,aby znaleźć wyjście i zrozumieć tajemnice kwantowego wszechświata.","Eteryczny_Labirynt.png",false,1
"Stellaris: Ostatnia Granica","Lara Celestia","Gwiezdne Przygody",2003,400,"W odległej przyszłości,gdy ludzkość eksploruje dalekie gwiazdy,statek kosmiczny Stellaris odkrywa tajemniczą planetę na obrzeżach galaktyki. Lara Celestia,kapitan statku,musi zbadać ostatnią granicę znaną ludzkości i stawić czoła niebezpieczeństwom i tajemnicom,które tam czyhają. Czy Stellaris przyniesie nową nadzieję czy też ostateczne wyzwanie dla ludzkości?","Stellaris.png",false,1
"Wirtualna Odyseja","Max Quantum","CyberOpowieści",2013,360,"W erze,gdzie wirtualna rzeczywistość staje się nowym światem,Max Quantum,gracz wirtualnej odysei,odkrywa,że granice między grą a rzeczywistością zaczynają się zacierać. Kiedy konflikty między rzeczywistością a wirtualnością zaczynają się zacierać,Max i gracze muszą zmierzyć się z konsekwencjami ich własnej wyobraźni. Czy wirtualna odyseja przyniesie rozrywkę czy też stanie się pułapką dla umysłów?","Wirtualna_Odyseja.png",false,2
"Królowa Ciemności","Evelyn Shadow","Magiczne Opowieści",2003,420,"W krainie pełnej magii i niebezpieczeństw,Królowa Ciemności,potężna czarownica,powraca z wieków snu. Jej celem jest podbicie królestw ludzkich i zatopienie ich w wiecznej ciemności. Jednak jedna młoda bohaterka,Elara Moonlight,musi wyruszyć na niebezpieczną misję,aby powstrzymać Królową Ciemności i przywrócić światło do krainy. Czy Elara zdoła stawić czoła potężnym czarom i uratować królestwa od zguby?","Krolowa_Ciemnosci.png",false,2
"Legenda Ostatniego Smoka","Gareth Fireheart","Zaklęte Strony",2003,380,"W magicznym świecie,gdzie smoki są strażnikami tajemniczych skarbów,pojawia się proroctwo o Ostatnim Smoku,który ma przynieść równowagę między światem ludzi a magicznymi istotami. Gareth Fireheart,śmiałek z królewskiego rodu,zostaje wybrany do odnalezienia Ostatniego Smoka i ocalenia krainy przed nadchodzącym złem. Czy uda mu się spełnić proroctwo i zapobiec wielkiej katastrofie?","Legenda_Ostatniego_Smoka.png",false,2
"Zaklęte Królestwo","Seraphina Enchant","Mityczne Opowieści",2016,440,"W zaklętym królestwie,gdzie magia przepływa przez każdy zakątek,młoda księżniczka Seraphina Enchant odkrywa tajemnice swojego rodowodu. Zdolności magiczne,które się w niej budzą,stawiają ją w centrum starożytnej wojny między światłem a ciemnością. Seraphina musi odnaleźć swoją prawdziwą moc i wyruszyć na niebezpieczną podróż,aby ocalić zaklęte królestwo przed upadkiem. Czy potrafi sprostać wyzwaniom i stać się ostatnią nadzieją krainy?","Zaklete_Krolestwo.png",false,2
"Księga Elfów","Thalion Silverleaf","Elficzne Opowieści",2013,360,"W magicznym lesie,gdzie elfy strzegą starożytnych tajemnic,pojawia się Księga Elfów - starożytny manuskrypt,który kryje w sobie potężne zaklęcia. Thalion Silverleaf,młody elficzny uczeń,zostaje wybrany do odnalezienia tej księgi i zabezpieczenia jej przed wpadnięciem w ręce mrocznych sił. Czy Thalion zdoła ochronić tajemnice elfów i zachować równowagę w magicznym lesie?","Ksiega_Elfow.png",false,2
"Dziedzictwo Kamienia","Aria Stonemage","Kamienne Opowieści",2003,400,"W krainie,gdzie magia płynie z kamieni,Aria Stonemage odkrywa,że posiada zdolności do kontrolowania magii kamieni,co uznawane jest za dar od pradawnych bogów. Jej zadaniem jest ocalić świat przed inwazją potężnych istot z innej rzeczywistości,które chcą pochłonąć magię kamieni. Czy Aria zdoła zrealizować swoje przeznaczenie i ochronić dziedzictwo kamienia?","Dziedzictwo_Kamienia.png",true,2
"Łowcy Cieni","Dominic Shadowhunter","Mroczne Legendy",2003,380,"W świecie pełnym magii i potworów,Łowcy Cieni,tajna grupa wojowników,staje do walki z siłami ciemności. Dominic Shadowhunter,doświadczony łowca,wyrusza na misję,aby pokonać starożytnego smoka,który grozi zniszczeniem krainy. W trakcie swojej podróży odkryje on mroczne sekrety i stawi czoła swojemu własnemu przeznaczeniu. Czy Łowcy Cieni zdołają przywrócić światło w mrocznych czasach?","Lowcy_Cieni.png",false,2
"Tajemnica Krainy Mgły  ","  Isabella Mistweaver","  Mgielne Opowieści",2013,360,"W krainie otoczonej tajemniczą mgłą,Isabella Mistweaver,młoda czarownica,odkrywa starożytną tajemnicę,która może otworzyć bramy między światami. Wyruszając na niebezpieczną podróż,Isabella musi stawić czoła nie tylko mrocznym istotom,ale także własnym strachom i wątpliwościom. Czy odnajdzie tajemnicę krainy mgły i zachowa równowagę między światami?","Tajemnica_Krainy_Mgly.png",false,2
"Klątwa Zakazanego Zaklęcia","Victor Hexbane","Zakazane Opowieści",2016,420,"W świecie,gdzie zaklęcia są zakazane ze względu na ich potężne i niebezpieczne moce,Victor Hexbane,przeklęty czarodziej,staje do walki z Zakazanym Zaklęciem,które grozi zniszczeniem rzeczywistości. Zdążając przez krainy pełne pułapek i zagrożeń,Victor musi znaleźć sposób na złamanie klątwy i przywrócenie równowagi między magią a rzeczywistością. Czy przeklęty czarodziej zdoła pokonać potężne zaklęcie i zapobiec katastrofie?","Klątwa_Zakazanego_Zaklęcia.png",false,3
"Złodziejka Cieni","Elena Nightshade","Ciemne Zagadki",2003,400,"Elena Nightshade,utalentowana złodziejka,zostaje wciągnięta w intrygującą grę z przeciwnikiem,który operuje w cieniu. Kiedy zagadkowe kradzieże zaczynają zagrażać równowadze między gangami miejskimi,Elena musi użyć swojego sprytu i umiejętności,aby odkryć tożsamość tajemniczego złodzieja i stawić mu czoła,zanim całe miasto popadnie w chaos.","Zlodziejka_Cieni.png",false,3
"Bezlitosna Gra","Dylan Steel","Mroczne Intrygi",2003,380,"Dylan Steel,doświadczony detektyw,zostaje wplątany w bezlitosną grę zorganizowanego przestępstwa. Kiedy seria brutalnych morderstw wstrząsa miastem,Steel musi śledzić zimną i bezlitosną ścieżkę zbrodni,odkrywając intrygi,zdrady i mroczne tajemnice,które prowadzą do szczytu przestępczego imperium.","Bezlitosna_Gra.png",false,3
"Śmiertelne Sekrety","Olivia Noir","Zagadkowe Sprawy",2013,360,"W świecie pełnym zdrad,kłamstw i śmiertelnych tajemnic,detektyw Olivia Noir musi rozwikłać skomplikowaną sprawę morderstwa. Kiedy ofiary zaczynają ujawniać swoje mroczne sekrety,Noir odkrywa,że każdy ma coś do ukrycia. Czy rozwiąże zagadkę przed tym,jak kolejne sekrety przyniosą śmierć?","Smiertelne_Sekrety.png",false,3
"Zakazane Miasto","Nathan Blackwell","Mroczne Kąty",2003,400,"W tajemniczym zakazanym mieście,gdzie prawo nie obowiązuje,a korupcja sięga szczytu,detektyw Nathan Blackwell zostaje wysłany,aby zapanować nad rosnącym chaosem. W miarę jak grzechy przeszłości wypływają na powierzchnię,Blackwell musi stawić czoła moralnym dylematom i skomplikowanym relacjom,aby przywrócić sprawiedliwość w zakazanym mieście.","Zakazane_Miasto.png",True,3
"Mroczne Nocne Łowy","Victoria Shadowsong","Ciemne Zagadki",2003,380,"W świetle księżyca,Victoria Shadowsong,prywatna detektyw i łowczyni nagród,tropi mroczne tajemnice podziemnego świata przestępczego. Kiedy brutalne morderstwa zaczynają wpływać na równowagę sił w podziemiu,Shadowsong musi użyć swoich zdolności,aby odkryć mordercę zanim ten zrobi kolejny krok w kierunku chaosu.","Mroczne_Nocne_Lowy.png",false,3
"Zaginione Miasto","Lucas Vanish","Zagadkowe Sprawy",2013,360,"Lucas Vanish,były policyjny detektyw,zostaje wezwany,aby odnaleźć zaginione miasto,które zniknęło z mapy. W miarę jak śledztwo rozwija się,Vanish odkrywa,że miasto skrywa mroczne tajemnice i jest kluczem do starożytnej zagadki. Czy zdoła odnaleźć zaginione miasto zanim stanie się ono przyczyną katastrofy?","Zaginione_Miasto.png",false,3
"Zimny Ślad","Eva Frost","Lodowe Intrygi",2016,420,"Eva Frost,lodowa detektyw,zostaje postawiona przed trudnym zadaniem rozwiązania zagadki serii tajemniczych porwań. W świecie lodowej magii i zimnych intryg,Frost musi roztopić zimny ślad i odkryć tożsamość tajemniczego porywacza,zanim nadejdzie zimowa nocy.","Zimny_Slad.png",false,3
"Ostatnia Gra","Michael Gambit","Mistrzowskie Zagadki",2003,400,"W grze z mistrzowskimi zagadkami,detektyw Michael Gambit zostaje postawiony przed ostatnią grą,która może zmienić wszystko. Kiedy tajemniczy przeciwnik manipuluje rzeczywistością,Gambit musi ułamać kod i rozwiązać ostatnią zagadkę,zanim upadnie zasłona mrocznej intrygi.","Ostatnia_Gra.png",false,3
"Mroczne Ulice","Sophia Shadow","Ciemne Zagadki",2003,380,"Sophia Shadow,doświadczona detektyw,zostaje postawiona przed wyzwaniem rozwiązania serii zbrodni,które terroryzują mroczne ulice miasta. W miarę jak śledztwo prowadzi ją przez zaułki zdrady i mroczne sekrety,Shadow musi stawić czoła własnym demonom przeszłości,aby przynieść sprawiedliwość ofiarom.","Mroczne_Ulice.png",false,4
"Miłość pod Wieżą Eiffla","Sophie Heart","Romantyczne Opowieści",2003,350,"Sophie Heart przenosi czytelników do magicznego Paryża,gdzie miłość kwitnie pod cieniem Wieży Eiffla. Główna bohaterka,Emma,przypadkiem spotyka tajemniczego artystę,który sprawia,że jej życie staje się pełne romansu,przygód i piękna. Czy miłość pod Wieżą Eiffla przetrwa próby czasu i przeciwności losu?","Milosc_pod_Wieza_Eiffla.png",true,4
"Deszczowa Noc  ","  Aiden Rain","  Miłosne Historie",2003,320,"Deszczowa noc,tajemnicza i pełna magii,staje się świadkiem narodzin niezwykłej miłości. Aiden Rain ukazuje historię zakazanej miłości między dwójką dusz,które z pozoru są ze sobą niezgodne. Czy siła ich uczuć pokona opory społeczne i przetrwa nieuchronne burze życiowych wyborów?","Deszczowa_Noc.png",false,4
"Serce z Szmaragdu","Luna Emerald","Zakazane Romansy",2013,310,"Luna Emerald przedstawia opowieść o zakazanej miłości między dziedziczką rodu,a tajemniczym mężczyzną o szmaragdowych oczach. W świecie pełnym intryg i niebezpieczeństw,bohaterowie muszą pokonać przeciwności,aby być razem. Czy ich serca z szmaragdu przetrwają próby czasu?","Serce_z_Szmaragdu.png",false,4
"Gdzie Gwiazdy Płaczą  ","  Eva Stardust","  Wzruszające Opowieści",2016,380,"Eva Stardust przenosi czytelników w podróż przez czas i przestrzeń,gdzie miłość kwitnie pod gwiazdami. Bohaterowie,pochodzący z różnych epok historycznych,muszą pokonać bariery czasu,aby być razem. Czy ich miłość przetrwa próbę odległości i losu?","Gdzie_Gwiazdy_Placza.png",false,4
"Czerwone Wstążki  ","  Alex Ruby","  Romantyczne Opowieści",2003,360,"Alex Ruby snuje historię o miłości,która tkwi w czerwonych wstążkach,łącząc losy dwóch ludzi. W miarę jak czerwone wstążki splatają się wokół ich serc,bohaterowie muszą zmierzyć się z przeszłością i pokonać przeciwności,aby odnaleźć prawdziwe szczęście.","Czerwone_Wstazki.png",false,4
"Ogniste Pocałunki","Ignatius Blaze","Romantyczne Opowieści",2013,330,"Ignatius Blaze kreśli historię ognistych pocałunków,które zapalają miłość między dwójką sprzecznych bohaterów. W świecie pełnym namiętności i emocji,bohaterowie muszą znaleźć równowagę między płomieniami uczuć a rzeczywistością. Czy ogniste pocałunki przetrwają próbę czasu?","Ogniste_Pocalunki.png",false,4
"Pod Gwiazdami Morza","Stella Maris","Wzruszające Opowieści",2016,370,"Stella Maris opowiada historię miłości rozkwitającej pod gwiazdami morza. Bohaterowie,związani wspomnieniami z dzieciństwa i tajemnicą zaginionego skarbu,muszą odnaleźć swoją drogę do siebie. Czy pod gwiazdami morza odnajdą spójność swoich serc?","Pod_Gwiazdami_Morza.png",false,4
"Kwiaty Zakazanej Miłości","Flora Forbidden","Zakazane Romansy",2003,350,"Flora Forbidden prezentuje opowieść o zakazanej miłości kwitnącej jak kwiaty w ogrodzie zakazanym. Bohaterowie,związani lojalnością i zakazanym uczuciem,muszą zmierzyć się z konsekwencjami swojej miłości. Czy kwiaty zakazanej miłości przetrwają w ogrodzie zakazanym?","Kwiaty_Zakazanej_Milosci.png",false,4
"Zaczarowany Las","Emma Enchanting","Baśniowe Opowieści",2013,32,"Emma Enchanting opowiada o przygodach małego elfa,który wyrusza na poszukiwanie zaginionego skarbu w zaczarowanym lesie. Znajdzie nowych przyjaciół,pokona przeszkody i odkryje magię prawdziwej przyjaźni.","Zaczarowany_Las.png",false,5
"Przygody Kolorowego Smoka","Oliver Rainbow","Kolorowe Opowieści",2003,28,"Oliver Rainbow przenosi dziecięcych czytelników w świat pełen kolorów i przygód. Kolorowy smok wyrusza na podróż,aby przywrócić barwy,które zniknęły z jego krainy. Czy dzieci pomogą mu przywrócić magię kolorów?","Przygody_Kolorowego_Smoka.png",false,5
"Magiczna Kraina Cukierków","Candy Sparkle","Słodkie Opowieści",2003,36,"Candy Sparkle opowiada o magicznej krainie cukierków,gdzie wszystko jest możliwe. Dziecięcy bohaterowie odkrywają tajemnice krainy,spotykają słodkie postacie i uczą się ważnych wartości poprzez przygody pełne cukrowego uroku.","Magiczna_Kraina_Cukierkow.png",false,5
"Wielka Wyprawa Małego Niedźwiadka","Teddy Adventure","Przyjacielskie Historie",2013,30,"Teddy Adventure opowiada o wielkiej wyprawie małego niedźwiadka,który marzy o odkrywaniu świata. Z pomocą przyjaciół zwierząt,przezwycięży trudności i nauczy się,że największe przygody czekają tuż za rogiem.","Wielka_Wyprawa_Malego_Niedzwiadka.png",false,5
"Przygody Małej Wróżki","Fiona Fairy","Baśniowe Opowieści",2003,34,"Fiona Fairy opowiada o przygodach małej wróżki,która wyrusza na misję przywrócenia magii do swojego wróżkowego królestwa. Dziecięcy czytelnicy odkryją z nią magiczne zakamarki wróżkowego świata i nauczą się,że siła tkwi w wierze i dobrej woli.","Przygody_Malej_Wrozki.png",false,5
"Sensacyjne Poszukiwania Skarbów","Captain Adventure","Przygodowe Opowieści",2003,38,"Captain Adventure przedstawia historię sensacyjnych poszukiwań skarbów,gdzie grupa dzielnych dzieci wyrusza na pełną niebezpieczeństw wyprawę. Razem pokonają pułapki,rozwiążą zagadki i odkryją skarb ukryty na tajemniczej wyspie.","Sensacyjne_Poszukiwania_Skarbow.png",false,5
"Zaklęta Księga Zabawek","Mia Magic","Magiczne Opowieści",2016,32,"Mia Magic opowiada o zaklętej księdze zabawek,która ożywa w nocy,zapewniając dzieciom niezapomniane przygody. Bohaterowie muszą współpracować z magicznymi postaciami,aby uratować świat przed szalonym czarnoksiężnikiem,który chce przejąć kontrolę nad wszystkimi zabawkami.","Zakleta_Ksiega_Zabawek.png",false,5
"Podwodne Przygody Koralii","Coralie Mermaid","Baśniowe Opowieści",2003,40,"Coralie Mermaid opowiada o podwodnych przygodach małej syrenki,która marzy o poznawaniu nowych miejsc i przyjaciół. Wraz z kolorowymi stworzeniami morskiego świata,Coralie odkrywa tajemnice oceanu i uczy dzieci o wartości przyjaźni i ochrony środowiska.","Podwodne_Przygody_Koralii.png",false,5
"Skarby Księżycowego Ogrodu","Luna Gardener","Magiczne Opowieści",2003,36,"Luna Gardener opowiada o skarbach ukrytych w księżycowym ogrodzie,gdzie dziecięcy bohaterowie stają się opiekunami magicznych roślin. Wspólnie z przyjaciółmi roślinami,dzieci odkryją piękno natury i tajemnice zaklętego ogrodu.","Skarby_Ksiezycowego_Ogrodu.png",false,5
"Przygody Księżycowego Królika","Moonlight Bunny","Przyjacielskie Historie",2016,28,"Moonlight Bunny opowiada o przygodach uroczego księżycowego królika,który wyrusza na podróż po nocy,by pomóc gwiazdom w świeceniu jasno na nocnym niebie. Dziecięcy czytelnicy dowiedzą się,jak małe gesty mogą sprawić wielką różnicę w magicznym świecie.","Przygody_Ksiezycowego_Krolika.png",false,5
"Wędrówka po Wszechświecie","Astrid Explorer","Kosmiczne Odkrycia",2013,256,"Astrid Explorer zabiera czytelników w fascynującą podróż po wszechświecie,odkrywając sekrety planet,gwiazd i galaktyk. Książka pełna jest wspaniałych ilustracji i ciekawostek naukowych,które rozbudzą zainteresowanie kosmosem.","Wedrowka_po_Wszechswiecie.png",false,6
"Tajemnice Mikroświata","Dr. Microscope","Mikroskopowe Odkrycia",2003,192,"Dr. Microscope przenosi czytelników w niewidzialny świat mikroorganizmów,bakterii i komórek. Książka opisuje fascynujące procesy zachodzące w mikroświecie,korzystając z prostego języka i ilustracji.","Tajemnice_Mikroswiata.png",false,6
"Wielkie Eksperymenty Dla Małych Naukowców","Professor Curious","Naukowe Odkrycia",2003,160,"Professor Curious prezentuje serię prostych,ale edukacyjnych eksperymentów,które można przeprowadzać w domu. Książka skierowana jest do młodych naukowców,chcących zdobywać wiedzę poprzez zabawę.","Wielkie_Eksperymenty_Dla_Malych_Naukowcow.png",false,6
"Wędrówka przez Dżunglę DNA","Gene Explorer","Genetyczne Odkrycia",2013,220,"Gene Explorer opowiada o fascynującej podróży przez dżunglę DNA,gdzie czytelnicy poznają tajemnice genetyki i dziedziczenia cech. Książka przedstawia trudne tematy w przystępny sposób,zachęcając do zrozumienia budowy życia.","Wedrowka_przez_Dzungla_DNA.png",false,6
"Zapierające Mózg Zagadki Matematyczne","Math Maestro","Matematyczne Zagadki",2003,180,"Math Maestro prezentuje zbiór niezwykłych zagadek matematycznych,które sprawią,że czytelnicy będą myśleć kreatywnie i logicznie. Książka rozwija umiejętności matematyczne w sposób interaktywny i angażujący.","Zapierajace_Mozg_Zagadki_Matematyczne.png",false,6
"Tajniki Ekosystemów","Eco Explorer","Przyrodnicze Odkrycia",2003,210,"Eco Explorer przedstawia tajniki różnorodnych ekosystemów na Ziemi,ukazując delikatną równowagę między roślinami,zwierzętami i środowiskiem. Książka inspiruje do ochrony przyrody i zrozumienia jej skomplikowanej struktury.","Tajniki_Ekosystemow.png",false,6
"Podróże w Czasie: Historia Świata","Time Traveler","Przygodowe Odkrycia",2013,248,"Time Traveler przenosi czytelników w fascynującą podróż przez historię świata,opowiadając o kluczowych wydarzeniach i postaciach. Książka łączy w sobie wiedzę historyczną z elementami przygody,ucząc jednocześnie i bawiąc.","Podroze_w_Czasie_Historia_Swiata.png",false,6
"Tajemnice Ludzkiego Ciała","Anatomy Explorer","Medyczne Odkrycia",2003,230,"Anatomy Explorer rzuca światło na tajemnice ludzkiego ciała,przedstawiając jego budowę i funkcje w sposób przystępny dla młodych czytelników. Książka stanowi fascynującą podróż po anatomii,z ilustracjami ukazującymi wewnętrzne struktury ciała.","Tajemnice_Ludzkiego_Ciala.png",false,6
"Wielkie Odkrycia Geograficzne","Geography Voyager","Geograficzne Odkrycia",2003,200,"Geography Voyager opowiada o wielkich odkryciach geograficznych,które kształtowały oblicze świata. Książka przenosi czytelników w odległe podróże odkrywców,ukazując różnorodność kultur i krajobrazów.","Wielkie_Odkrycia_Geograficzne.png",true,6
"Niesamowite Zjawiska Przyrodnicze","Nature Enigma","Przyrodnicze Zagadki",2016,190,"Nature Enigma ukazuje niesamowite zjawiska przyrodnicze na Ziemi,wyjaśniając naukowe podstawy tych fenomenów. Książka wzbogacona jest pięknymi ilustracjami,przedstawiającymi magię natury i jej niezwykłe zdolności.","Niesamowite_Zjawiska_Przyrodnicze.png",false,6
"Skarb Piratów: Wyprawa W Zapomniane Wyspy","Captain Adventure","Morskie Opowieści",2003,280,"Captain Adventure zaprasza czytelników na ekscytującą wyprawę w poszukiwaniu legendarnego skarbu piratów ukrytego na Zapomnianej Wyspie. Czy bohaterowie zdołają pokonać niebezpieczeństwa i odkryć tajemnicze bogactwo?","Skarb_Piratow_Wyprawa_W_Zapomniane_Wyspy.png",false,7
"Zaginione Miasto El Dorado","Explorer Jones","Archeologiczne Odkrycia",2003,310,"Explorer Jones wyrusza w niebezpieczną podróż przez nieodkryte dżungle Ameryki Południowej,by odnaleźć legendarne Zaginione Miasto El Dorado. Książka pełna jest tajemniczych łamigłówek i ekscytujących przygód.","Zaginione_Miasto_El_Dorado.png",false,7
"Ostatni Smok: Przebudzenie","Dragon Seeker","Fantastyczne Opowieści",2003,290,"Dragon Seeker opowiada o ostatnim smoku,który budzi się po tysiącach lat snu. Młody bohater wyrusza w niebezpieczną podróż,by odnaleźć i ocalić ostatniego smoka przed zagładą. Czy uda mu się spełnić tę epicką misję?","Ostatni_Smok_Przebudzenie.png",false,7
"Łowcy Skarbów: Tajemnica Zapomnianej Piramidy","Treasure Hunters","Przygodowe Wydawnictwo",2003,260,"Treasure Hunters to zespół nieustraszonych łowców skarbów,którzy wyruszają na poszukiwanie zaginionej piramidy pełnej ukrytych bogactw. Czy zdołają rozszyfrować starożytne tajemnice i pokonać pułapki?","Lowcy_Skarbow_Tajemnica_Zapomnianej_Piramidy.png",false,7
"Safari Serca: Miłość W Dzikiej Przyrodzie","Wild Romance","Afrykańskie Opowieści",2003,240,"Wild Romance to wzruszająca opowieść o miłości,która rozkwita w sercu afrykańskiej przyrody. Bohaterowie przemierzają sawanny,tropikalne lasy i dzikie rzeki,odkrywając nie tylko piękno przyrody,ale także siebie nawzajem.","Safari_Serca_Milosc_W_Dzikiej_Przyrodzie.png",false,7
"Skrytobójcy Cienia: Zmierzch Imperium","Shadow Assassin","Intrygujące Wydawnictwo",2013,300,"Shadow Assassin to historia tajemniczych skrytobójców,którzy stają w obliczu upadku potężnego imperium. Bohaterowie muszą pokonać nie tylko fizyczne przeciwności,ale także własne demony,by odwrócić losy świata. Czy zdołają przetrwać zmierzch imperium?","Skrytobojcy_Cienia_Zmierzch_Imperium.png",false,7
"Dżungla Intryg: Tajemnica Zaginionej Wyprawy","Jungle Explorer","Egzotyczne Przygody",2003,270,"Jungle Explorer opowiada o tajemniczej wyprawie w głąb dzikiej dżungli,gdzie bohaterowie muszą stawić czoła nie tylko dzikim zwierzętom,ale także zdradzie i intrygom. Czy uda im się odnaleźć zaginioną wyprawę i odkryć jej sekrety?","Dzungla_Intryg_Tajemnica_Zaginionej_Wyprawy.png",false,7
"Odkrywcy Nowego Świata: Wyprawa na Nieznane Kontyn","New World Explorers","Historyczne Ekspedycje",2003,250,"New World Explorers przenosi czytelników w czasy wielkich odkryć geograficznych,opowiadając o śmiałych podróżach odkrywców,którzy wyruszają na nieznane kontynenty. Książka pełna jest fascynujących opowieści o pokonywaniu oceanów i eksploracji nieznanego.","Odkrywcy_Nowego_Swiata_Wyprawa_na_Nieznane_Kontynenty.png",false,7
"Wzgórza Tajemnic: Sztuka Przełamywania Granic","Hilltop Mysteries","Tajemnicze Rozwikłania",2013,230,"Hilltop Mysteries to seria opowieści o grupie młodych detektywów,którzy rozwiązują tajemnice ukryte w malowniczych wzgórzach. Każda książka to nowe wyzwanie,nowe zagadki i niezapomniane przygody.","Wzgorza_Tajemnic_Sztuka_Przelamywania_Granic.png",false,7
"Żaglowce Ostatniej Nadziei: Wyprawa w Arktykę","Arctic Adventurers","Morskie Ekspedycje",2003,290,"Arctic Adventurers opowiada o odważnych żeglarzach,którzy podejmują wyzwanie żeglugi w lodowatych wodach Arktyki. Książka pełna jest niebezpieczeństw,niesamowitych widoków i przygód,które sprawią,że czytelnik poczuje szaleństwo arktycznej wyprawy.","Zaglowce_Ostatniej_Nadziei_Wyprawa_w_Arktyke.png",false,7
"Kod Omega: Zaginione Archiwum","Mystery Master","Intrygujące Wydawnictwo",2013,320,"Mystery Master prezentuje zagadkowy thriller o tajemniczym archiwum,które zawiera informacje zdolne wstrząsnąć porządkami świata. Bohaterowie muszą rozszyfrować tajemniczy kod,zanim wpadnie on w niepowołane ręce.","Kod_Omega_Zaginione_Archiwum.png",false,8
"Zamach: Gra o Władzę","Political Intrigue","Polityczne Intrygi",2003,310,"Political Intrigue przedstawia niebezpieczną grę o władzę,gdzie bohaterowie muszą odkryć spisek przeciwko rządowi. Akcja toczy się w świecie politycznych intryg,szantażu i zdrady.","Zamach_Gra_o_Wladze.png",false,8
"Bezsenność: Kłamstwa Nocy","Sleepless Lies","Psychologiczne Napięcie",2003,280,"Sleepless Lies to psychologiczny thriller o tajemniczych bezsennościach,które popychają bohaterów na krawędź zdrowego rozsądku. Czy to wynik spisku czy tylko wytwór umysłu? Czytelnicy muszą przetrzeć oczy,by odkryć prawdę.","Bezsennosc_Klamstwa_Nocy.png",false,8
"Sieć Kłamstw: Operacja Infiltracja","Infiltration Network","Agencja Szpiegowska",2013,330,"Infiltration Network przedstawia świat agencji szpiegowskiej,gdzie bohaterowie muszą rozpracować złożoną sieć kłamstw i intryg,zanim stanie się za późno. Książka pełna jest akcji,podsłuchów i nieoczekiwanych zwrotów akcji.","Siec_Klamstw_Operacja_Infiltracja.png",false,8
"Zakazane Eksperymenty: Labirynt Zła","Forbidden Experiments","Naukowe Intrygi",2003,300,"Forbidden Experiments to thriller naukowy o tajemniczych eksperymentach,które prowadzą do stworzenia labiryntu zła. Bohaterowie muszą przeniknąć zakazaną strefę,by ujawnić prawdziwe cele projektu i powstrzymać niebezpieczeństwo przed uwolnieniem się.","Zakazane_Eksperymenty_Labirynt_Zla.png",false,8
"Ostatnia Runda: Gra o Życie","Final Showdown","Psychologiczna Walka",2003,290,"Final Showdown opowiada o psychologicznej walce,w której bohaterowie muszą stawić czoła swoim najgłębszym lękom. Gra o życie staje się coraz bardziej niebezpieczna,a każda decyzja może być decydująca.","Ostatnia_Runda_Gra_o_Zycie.png",false,8
"Cena Zemsty: Pakt Zabójcy","Vengeance Price","Zabójcze Intrygi",2013,310,"Vengeance Price to opowieść o mrocznym paku zabójcy,który musi wypełnić niebezpieczne zadanie zemsty. Czy bohater zdoła utrzymać równowagę między moralnością a pragnieniem zemsty? Thriller pełen emocji i niebezpieczeństwa.","Cena_Zemsty_Pakt_Zabojcy.png",false,8
"Za Zamkniętymi Drzwiami: Tajemnica Sąsiada","Behind Closed Doors","Domowe Napięcia",2003,280,"Behind Closed Doors przedstawia tajemnicę ukrytą za zamkniętymi drzwiami,gdzie bohaterowie muszą odkryć,co naprawdę dzieje się w ich spokojnej dzielnicy. Thriller pełen intryg,zwrotów akcji i nieoczekiwanych zdarzeń.","Za_Zamknietymi_Drzwiemi_Tajemnica_Sasiada.png",false,8
"Krwawy Koniec: Ostatnia Misja","Bloody End","Militarne Intrygi",2003,320,"Bloody End to historia ostatniej misji,gdzie bohaterowie muszą zmierzyć się z brutalną rzeczywistością wojny. Czy zdołają przetrwać i zrealizować cel misji,czy też stawią czoła krwawemu końcowi? Thriller pełen napięcia i dramatu.","Krwawy_Koniec_Ostatnia_Misja.png",false,8
"Zakazane Geny: Tajemnica Laboratorium","Forbidden Genes","Genetyczne Intrygi",2013,290,"Forbidden Genes opowiada o zakazanych eksperymentach genetycznych,które prowadzą do tajemniczego laboratorium. Bohaterowie muszą odkryć prawdziwe cele projektu genetycznego,zanim niekontrolowane mutacje staną się globalnym zagrożeniem.","Zakazane_Geny_Tajemnica_Laboratorium.png",false,8
"Mroczne Wizje: Widmo Sanatorium","Nightmare Author","Niesamowite Horrory",2003,300,"Niesamowite Horrory prezentują Mroczne Wizje,gdzie bohaterowie przekraczają progi opuszczonego sanatorium,tylko po to,by stać się ofiarami złowrogich mocy. Czytelnicy odczują dreszcz grozy i tajemnicy tej opowieści.","Mroczne_Wizje_Widmo_Sanatorium.png",false,9
"Przeklęta Dziedziczka: Dom Umarłych","Cursed Heiress","Zaklęte Mroczne Opowieści",2003,310,"Zaklęte Mroczne Opowieści przedstawiają Przeklętą Dziedziczkę,która dziedziczy dom nawiedzony przez duchy przeszłości. Czy bohaterka zdoła rozwikłać rodzinne tajemnice i uwolnić się od klątwy Domu Umarłych?","Przekleta_Dziedziczka_Dom_Umarlych.png",false,9
"Zmierzch Widm: Opowieść o Nawiedzonym Mieście","Twilight Phantoms","Opowieści Grozy",2013,290,"Opowieści Grozy prezentują Zmierzch Widm,gdzie bohaterowie odkrywają mroczne sekrety nawiedzonego miasta. Czy przetrwają noc w miejscu,gdzie czasami lepiej nie zaglądać? Dreszcz emocji i niepewności gwarantowany.","Zmierzch_Widm_Opowiesc_o_Nawiedzonym_Miescie.png",false,9
"Bestia w Cieniu: Tajemnica Lasu","Beast in the Shadows","Mroczne Tajemnice",2003,320,"Mroczne Tajemnice przedstawiają Bestię w Cieniu,gdzie bohaterowie napotykają tajemniczą bestię,której obecność sprawia,że las staje się miejscem koszmaru. Czy potrafią przetrwać i odkryć tajemnicę Bestii w Cieniu?","Bestia_w_Cieniu_Tajemnica_Lasu.png",false,9
"Rytuał Krwi: Księga Czarnego Zaklęcia","Blood Ritual","Zakazane Rytuały",2003,300,"Zakazane Rytuały opowiadają o Rytuale Krwi,w którym bohaterowie muszą stawić czoła przerażającym zaklęciom i demonicznej obecności. Czy uda im się przerwać mroczny rytuał zanim stanie się za późno?","Rytual_Krwi_Ksiega_Czarnego_Zaklecia.png",false,9
"Ostatni Strach: Nawiedzony Dom","Final Fear","Nawiedzone Historie",2013,280,"Nawiedzone Historie przedstawiają Ostatni Strach,gdzie bohaterowie wchodzą do nawiedzonego domu,nieświadomi,że każdy krok zbliża ich do przerażającej prawdy. Czy zdołają przeżyć noc w Nawiedzonym Domu?","Ostatni_Strach_Nawiedzony_Dom.png",false,9
"Zagubieni w Ciemności: Labirynt Grozy","Lost in Darkness","Mroczne Przypadki",2003,310,"Mroczne Przypadki przedstawiają Zagubionych w Ciemności,gdzie bohaterowie eksplorują tajemniczy labirynt,gdzie każdy zakręt może prowadzić do śmierci. Czy zdołają znaleźć wyjście z Labiryntu Grozy?","Zagubieni_w_Ciemnosci_Labirynt_Grozy.png",true,9
"Zakazane Widmo: Nawiedzony Cmentarz","Forbidden Ghost","Mroczne Spotkania",2003,290,"Mroczne Spotkania przedstawiają Zakazane Widmo,gdzie bohaterowie odkrywają nawiedzony cmentarz,gdzie duchy z przeszłości wracają,by żądać zemsty. Czy przetrwają spotkanie z Zakazanym Widmem?","Zakazane_Widmo_Nawiedzony_Cmentarz.png",false,9
"Bezsenność: Widma Nocy","Insomnia","Niezwykłe Koszmary",2003,320,"Niezwykłe Koszmary przedstawiają Bezsenność,gdzie bohaterowie doświadczają niezwykłych koszmarów,które wydają się przenikać ze snu do rzeczywistości. Czy to tylko iluzja,czy może coś znacznie bardziej przerażającego?","Bezsennosc_Widma_Nocy.png",false,9
"Za Zasłoną Ciemności: Opowieść o Strachu","Behind the Curtain","Opowieści Horroru",2003,300,"Opowieści Horroru przedstawiają Za Zasłoną Ciemności,gdzie bohaterowie odkrywają przerażającą opowieść o strachu ukrytą za zasłoną niewidzialnego zła. Czy zdołają rzucić światło na mroczne tajemnice?","Za_Zaslona_Ciemnosci_Opowiesc_o_Strachu.png",false,9
"Pod Niebem Afryki: Życie Karen Blixen","Eva Biography","Wielkie Opowieści Biograficzne",2003,350,"Wielkie Opowieści Biograficzne przedstawiają fascynującą biografię Karen Blixen,autorki \"Afrykańskiego Skauta\". Poznaj niezwykłe życie tej silnej kobiety,podróżującej po dzikiej krainie Afryki,konfrontującej się z życiowymi wyzwaniami i tworzącej niezapomniane dzieła literatury.","Pod_Niebem_Afryki_Zycie_Karen_Blixen.png",false,10
"Genialny Umysł: Życie Alberta Einsteina","Discovering Genius","Wielcy Naukowcy",2003,380,"Wielcy Naukowcy prezentują fascynującą biografię Alberta Einsteina - geniusza nauki,laureata Nagrody Nobla i twórcy teorii względności. Odkryj nie tylko jego naukowe dokonania,ale także burzliwe życie prywatne,które wpłynęło na kształtowanie się jednego z największych umysłów w historii.","Genialny_Umysl_Zycie_Alberta_Einsteina.png",false,10
"Czerwony Spartakus: Życie i Działalność Róży Lukse","Rebel Rose","Historie Niezłomnych",2003,320,"Historie Niezłomnych przedstawiają życie Róży Luksemburg - polskiej marksistki,teoretyczki rewolucji i aktywistki społecznej. Odkryj jej niezłomną walkę o prawa ludzi pracy,zaangażowanie w rewolucję oraz tragiczne zakończenie jej życiowej misji.","Czerwony_Spartakus_Zycie_Rozy_Luksemburg.png",false,10
"Kobiecy Orzeł: Życie Amelia Earhart","Aviation Pioneer","Wielcy Pionierzy Lotnictwa",2003,340,"Wielcy Pionierzy Lotnictwa przedstawiają życie Amelii Earhart - jednej z pierwszych kobiet-pilotów i pionierki lotnictwa. Odkryj jej nieustraszoną determinację,zdolności lotnicze i tajemnicze zniknięcie podczas próby okrążenia ziemi. Czytaj o jej odważnej przygodzie i dziedzictwie,które trwa do dziś.","Kobiecy_Orzel_Zycie_Amelii_Earhart.png",false,10
"Pierwsza Dama: Życie Eleanor Roosevelt","Leading Lady","Wielkie Kobiety Historii",2003,360, "Wielkie Kobiety Historii prezentują życie Eleanor Roosevelt - jednej z najbardziej wpływowych Pierwszych Dam w historii Stanów Zjednoczonych. Poznaj jej zaangażowanie w prawa obywatelskie działalność dyplomatyczną i wpływ na kształtowanie się współczesnej roli Pierwszych Dam.","Pierwsza_Dama_Zycie_Eleanor_Roosevelt.png",false,10
"Wieża Talentów: Życie Steve a Jobsa","Tech Visionary","Wizjonerzy Technologii",2003,330,"Wizjonerzy Technologii przedstawiają życie Steve a Jobsa - współzałożyciela Apple,wizjonera technologii i kreatywnego geniusza. Odkryj jego niekonwencjonalne podejście do biznesu,rewolucyjne wynalazki i dziedzictwo,które kształtuje świat technologii.","Wieza_Talentow_Zycie_Stevea_Jobsa.png",false,10
"Zawsze Wierni: Życie Jana Pawła II","Holy Journey","Święci Na Ziemi",2003,350,"Święci Na Ziemi przedstawiają życie Jana Pawła II - jednego z najważniejszych papieży w historii Kościoła Katolickiego. Poznaj jego duchową podróż,misję pojednawczą i wpływ na kształtowanie się współczesnej katolickiej wiary.","Zawsze_Wierni_Zycie_Jana_Pawla_II.png",false,10
"Nieukrojony: Życie Malali Yousafzai","Courageous Voice","Inspirujące Historie Młodych Bohaterów",2003,340,"Inspirujące Historie Młodych Bohaterów przedstawiają życie Malali Yousafzai - pakistańskiej obrończyni praw kobiet i edukacji,laureatki Pokojowej Nagrody Nobla. Odkryj jej odwagę w stawianiu czoła przeciwnościom i jej determinację w walce o prawa dziewcząt do nauki.","Nieukrojony_Zycie_Malali_Yousafzai.png",false,10
"Melodia Duszy: Życie Ludwiga van Beethovena","Symphony Maestro","Wielcy Kompozytorzy",2003,330,"Wielcy Kompozytorzy przedstawiają życie Ludwiga van Beethovena - jednego z najwybitniejszych kompozytorów w historii muzyki klasycznej. Odkryj jego twórczość muzyczną,walkę z głuchotą i wpływ na rozwój symfonii i sonat.","Melodia_Duszy_Zycie_Ludwiga_van_Beethovena.png",false,10
"Wzrok Przyszłości: Życie Hellen Keller","Unconquered Spirit","Niezwyciężone Dusze",2003,340,"Niezwyciężone Dusze przedstawiają życie Hellen Keller - amerykańskiej autorki,aktywistki społecznej i pierwszej głuchej i niemej osoby,która uzyskała tytuł naukowy. Poznaj jej niezłomną determinację,zdolności literackie i walkę o prawa osób niepełnosprawnych.","Wzrok_Przyszlosci_Zycie_Hellen_Keller.png",false,10